district,target,addr,date,target_number,floor,total_floor,building_state,main_use,complete_years,building_size,pattern_room,pattern_hall,pattern_health,manages,total_price,unit_price,parking_type,parking_size,parking_price
大同區,房地(土地+建物),臺北市大同區敦煌路１９７之１號三樓,1080502,土地2建物1車位0,三層,七層,華廈(10層含以下有電梯),（Ｈ２）集合住宅,1100511,62,1,1,1,無,9160000,147742,,0,0
大同區,房地(土地+建物),臺北市大同區敦煌路１９７之１號五樓之２,1090212,土地2建物1車位0,五層,七層,華廈(10層含以下有電梯),（Ｈ２）集合住宅,1100511,78.6,2,1,1,無,11210000,142621,,0,0
大同區,房地(土地+建物),臺北市大同區敦煌路１９７之１號五樓,1090528,土地2建物1車位0,五層,七層,華廈(10層含以下有電梯),（Ｈ２）集合住宅,1100511,62,1,1,1,無,9320000,150323,,0,0
大同區,房地(土地+建物)+車位,臺北市大同區敦煌路１９７之１號五樓之１,1080531,土地2建物1車位1,五層,七層,華廈(10層含以下有電梯),（Ｈ２）集合住宅,1100511,107.99,3,1,1,無,14800000,137050,升降機械,0,1800000
內湖區,房地(土地+建物)+車位,臺北市內湖區康樂街１３６巷３０弄５號三樓之２,1100429,土地2建物1車位1,三層,十五層,住宅大樓(11層含以上有電梯),（Ｈ２）集合住宅,1090424,183.97,4,2,2,有,28500000,174602,坡道平面,35.06,2500000
士林區,房地(土地+建物)+車位,臺北市士林區至誠路一段１３８號十樓,1100505,土地2建物1車位3,十層,十四層,住宅大樓(11層含以上有電梯),（Ｈ２）集合住宅,1070702,506.84,0,0,0,有,110000000,268761,坡道平面,125.46,7500000
北投區,房地(土地+建物)+車位,臺北市北投區大度路三段２７０巷６７號三樓之１,1100628,土地1建物1車位1,三層,十九層,住宅大樓(11層含以上有電梯),一般事務所,1010217,255.6,4,2,2,有,33000000,129108,坡道平面,42.99,0
大同區,房地(土地+建物),臺北市大同區承德路三段１６５之１號二樓之７、二樓之８,1100527,土地1建物1車位0,二層,十二層,住宅大樓(11層含以上有電梯),一般事務所,960822,75.53,0,0,0,有,13460000,178207,,0,0
大安區,房地(土地+建物),臺北市大安區基隆路二段１２８號八樓,1100430,土地1建物1車位0,八層,十二層,住宅大樓(11層含以上有電梯),一般事務所,941111,48.05,1,3,2,有,16430000,341935,,0,0
內湖區,房地(土地+建物)+車位,臺北市內湖區成功路四段１９２號十樓之１,1100528,土地1建物1車位1,十層,十五層,住宅大樓(11層含以上有電梯),一般事務所,1050616,138.82,1,1,1,有,22610000,233675,坡道平面,52.5,2439200
內湖區,房地(土地+建物)+車位,臺北市內湖區成功路四段１９２號十樓之２,1100528,土地1建物1車位1,十層,十五層,住宅大樓(11層含以上有電梯),一般事務所,1050616,138.82,1,1,1,有,22610000,233675,坡道平面,52.5,2439200
松山區,房地(土地+建物)+車位,臺北市松山區八德路四段７９７號九樓之２,1100523,土地1建物1車位1,九層,十層,華廈(10層含以下有電梯),一般事務所,881129,107.84,1,2,1,有,16600000,153932,升降平面,42.73,0
文山區,房地(土地+建物),臺北市文山區興隆路三段７６號四樓之２,1090804,土地1建物1車位0,四層,七層,華廈(10層含以下有電梯),多戶住宅,1100223,58.12,0,0,0,無,12300000,211631,,0,0
信義區,房地(土地+建物),臺北市信義區永吉路２７８巷５８弄１１號四樓,1100606,土地2建物1車位0,四層,四層,公寓(5樓含以下無電梯),住宅,,107.15,7,3,2,無,21500000,200653,,0,0
松山區,房地(土地+建物),臺北市松山區民權東路三段１０６巷３弄４４號,1100428,土地1建物1車位0,一層,七層,華廈(10層含以下有電梯),住家用,690205,234.1,5,2,3,有,25000000,106787,,0,0
文山區,房地(土地+建物),臺北市文山區萬芳路６０之３號七樓,1100421,土地1建物1車位0,七層,七層,華廈(10層含以下有電梯),住家用,960921,67.17,2,2,1,有,12000000,178651,,0,0
中山區,房地(土地+建物),臺北市中山區民權東路二段１３５巷３３號七樓,1100613,土地1建物1車位0,七層,七層,華廈(10層含以下有電梯),住家用,720207,101.11,3,2,2,有,15600000,154287,,0,0
中山區,房地(土地+建物),臺北市中山區民生東路二段８３號七樓之４７,1100417,土地1建物1車位0,七層,七層,華廈(10層含以下有電梯),住家用,690314,45.69,1,1,1,有,6580000,144014,,0,0
信義區,房地(土地+建物),臺北市信義區吳興街４８３號七樓,1100505,土地1建物1車位0,七層,七層,華廈(10層含以下有電梯),住家用,780303,127.56,3,2,2,無,29500000,231264,,0,0
大安區,房地(土地+建物),臺北市大安區市民大道四段１１８號七樓之１,1100522,土地1建物1車位0,七層,七層,華廈(10層含以下有電梯),住家用,770314,67.55,2,1,1,有,18000000,266430,,0,0
北投區,房地(土地+建物),臺北市北投區泉源路３０號七樓之１,1100601,土地2建物1車位0,七層,七層,華廈(10層含以下有電梯),住家用,670104,51.44,1,1,1,有,5000000,97201,,0,0
內湖區,房地(土地+建物),臺北市內湖區康寧路三段９９巷３９弄１０號七樓之１,1100616,土地1建物1車位0,七層,七層,華廈(10層含以下有電梯),住家用,971219,46.9,2,1,1,有,10500000,223881,,0,0
中正區,房地(土地+建物)+車位,臺北市中正區臨沂街１０巷３號七樓,1100523,土地1建物1車位1,七層,七層,華廈(10層含以下有電梯),住家用,1090303,86.07,2,2,1,有,22500000,373797,其他,32.03,2300000
信義區,房地(土地+建物),臺北市信義區忠孝東路五段５２４巷１弄１４號二樓,1100317,土地1建物1車位0,二層,七層,華廈(10層含以下有電梯),住家用,710630,120.82,3,2,2,無,27250000,225542,,0,0
士林區,房地(土地+建物),臺北市士林區福港街１７２號二樓,1100605,土地1建物1車位0,二層,七層,公寓(5樓含以下無電梯),住家用,700713,93.66,3,2,3,無,13300000,142003,,0,0
大安區,房地(土地+建物),臺北市大安區安和路二段３２巷３１號二樓之５,1090131,土地1建物1車位0,二層,七層,華廈(10層含以下有電梯),住家用,1100317,47.22,1,1,1,無,17110000,362346,,0,0
大安區,房地(土地+建物),臺北市大安區信義路三段１４７巷１７弄１７號二樓之５,1070824,土地2建物1車位0,二層,七層,華廈(10層含以下有電梯),住家用,1091126,34.7,1,1,1,有,12880000,371182,,0,0
中正區,房地(土地+建物)+車位,臺北市中正區連雲街１５號二樓,1100511,土地1建物1車位1,二層,七層,華廈(10層含以下有電梯),住家用,961109,112.69,2,2,1,無,29880000,265152,塔式車位,14.84,0
內湖區,房地(土地+建物),臺北市內湖區星雲街１３０號三樓,1100512,土地1建物1車位0,三層,七層,華廈(10層含以下有電梯),住家用,880201,106.8,3,2,2,有,26800000,250936,,0,0
大安區,房地(土地+建物),臺北市大安區忠孝東路四段２２３巷１０弄４號三樓,1100515,土地1建物1車位0,三層,七層,華廈(10層含以下有電梯),住家用,,144.67,4,2,2,有,38800000,268197,,0,0
大安區,房地(土地+建物),臺北市大安區羅斯福路二段１１７巷５號三樓之１,1100606,土地1建物1車位0,三層,七層,華廈(10層含以下有電梯),住家用,1071018,71.35,1,1,1,無,20000000,280308,,0,0
大安區,房地(土地+建物),臺北市大安區敦化南路二段８１巷３５號三樓,1100519,土地1建物1車位0,三層,七層,華廈(10層含以下有電梯),住家用,691021,160.71,4,2,2,有,42580000,264949,,0,0
松山區,房地(土地+建物),臺北市松山區敦化北路２２２巷１８弄６號三樓之１,1100526,土地1建物1車位0,三層,七層,華廈(10層含以下有電梯),住家用,720526,80.86,1,1,1,有,20880000,258224,,0,0
北投區,房地(土地+建物),臺北市北投區中山北路七段２１９巷３弄１５１號三樓,1100515,土地1建物1車位0,三層,七層,華廈(10層含以下有電梯),住家用,731227,155.78,3,2,2,有,20300000,130312,,0,0
大同區,房地(土地+建物),臺北市大同區歸綏街９７巷８號三樓之１,1100621,土地1建物1車位0,三層,七層,華廈(10層含以下有電梯),住家用,841030,75.06,2,2,1,有,11000000,146549,,0,0
文山區,房地(土地+建物),臺北市文山區萬芳路６０之８號五樓,1100525,土地1建物1車位0,五層,七層,華廈(10層含以下有電梯),住家用,960921,72.27,3,2,2,有,14700000,203404,,0,0
信義區,房地(土地+建物),臺北市信義區松隆路１２３巷１９號五樓,1100503,土地1建物1車位0,五層,七層,華廈(10層含以下有電梯),住家用,730612,112.2,3,2,2,有,26880000,239572,,0,0
中山區,房地(土地+建物),臺北市中山區林森北路２５９巷９號五樓之９,1100530,土地1建物1車位0,五層,七層,華廈(10層含以下有電梯),住家用,730922,31.33,1,0,1,有,5250000,167571,,0,0
中正區,房地(土地+建物),臺北市中正區延平南路１７９巷３號五樓之１,1100603,土地1建物1車位0,五層,七層,華廈(10層含以下有電梯),住家用,,123.24,3,2,2,有,23300000,189062,,0,0
中山區,房地(土地+建物),臺北市中山區雙城街４巷２號五樓之１２,1100424,土地1建物1車位0,五層,七層,華廈(10層含以下有電梯),住家用,831018,28.8,1,0,1,有,5700000,197917,,0,0
大安區,房地(土地+建物),臺北市大安區安和路二段３２巷３１號五樓之６,1090507,土地1建物1車位0,五層,七層,華廈(10層含以下有電梯),住家用,1100317,55.88,1,1,1,無,18880000,337867,,0,0
大安區,房地(土地+建物),臺北市大安區安和路二段３２巷３１號五樓之５,1100610,土地1建物1車位0,五層,七層,華廈(10層含以下有電梯),住家用,1100317,47.22,1,1,1,無,16820000,356205,,0,0
中正區,房地(土地+建物)+車位,臺北市中正區臨沂街６３巷１６號五樓,1080305,土地1建物1車位2,五層,七層,華廈(10層含以下有電梯),住家用,1100330,308.85,0,0,0,無,116100000,386521,升降機械,24.26,6100000
大安區,房地(土地+建物)+車位,臺北市大安區安和路二段３２巷３１號五樓之２,1100315,土地1建物1車位1,五層,七層,華廈(10層含以下有電梯),住家用,1100317,58.48,1,1,1,無,21400000,365937,升降機械,10.38,0
大安區,房地(土地+建物)+車位,臺北市大安區安和路二段３２巷３１號五樓之３,1080615,土地1建物1車位1,五層,七層,華廈(10層含以下有電梯),住家用,1100317,61.06,1,1,1,無,21180000,346872,升降機械,10.38,0
中正區,房地(土地+建物),臺北市中正區青島東路３號六樓,1100521,土地1建物2車位0,六層,七層,華廈(10層含以下有電梯),住家用,631108,168.68,4,2,2,有,33000000,195637,,0,0
中山區,房地(土地+建物),臺北市中山區松江路８５巷７號六樓,1100419,土地2建物1車位0,六層,七層,華廈(10層含以下有電梯),住家用,650623,133.91,4,0,4,有,41300000,308416,,0,0
松山區,房地(土地+建物),民生東路五段４１號六樓之１,1100529,土地1建物1車位0,六層,七層,華廈(10層含以下有電梯),住家用,700602,149.76,3,2,2,有,36500000,243723,,0,0
大安區,房地(土地+建物),臺北市大安區和平東路二段９６巷１５弄３６號六樓,1100424,土地1建物1車位0,六層,七層,華廈(10層含以下有電梯),住家用,1000321,64.03,3,1,1,有,25000000,390442,,0,0
文山區,房地(土地+建物),臺北市文山區萬芳路３號六樓之１,1100601,土地1建物1車位0,六層,七層,華廈(10層含以下有電梯),住家用,881124,37.04,1,1,1,有,6000000,161987,,0,0
松山區,房地(土地+建物),臺北市松山區八德路二段４１０巷３０號六樓,1100504,土地1建物1車位0,六層,七層,華廈(10層含以下有電梯),住家用,670810,122.02,4,0,4,無,31000000,254057,,0,0
中正區,房地(土地+建物),臺北市中正區青島東路２５號六樓之４,1100531,土地1建物1車位0,六層,七層,華廈(10層含以下有電梯),住家用,750711,122.13,3,2,2,有,28300000,231720,,0,0
中山區,房地(土地+建物)+車位,臺北市中山區農安街１２５巷３６號六樓,1100515,土地1建物1車位1,六層,七層,華廈(10層含以下有電梯),住家用,1070517,118,2,1,1,有,23580000,199831,塔式車位,13.37,0
文山區,房地(土地+建物)+車位,臺北市文山區景華街１７６巷２３號六樓,1100324,土地1建物1車位1,六層,七層,華廈(10層含以下有電梯),住家用,1021016,198.22,3,2,2,有,34000000,171527,升降機械,8.32,0
大同區,房地(土地+建物)+車位,臺北市大同區延平北路四段９９號六樓之１,1100522,土地1建物1車位1,六層,七層,華廈(10層含以下有電梯),住家用,1031205,66.46,1,1,1,有,12100000,188921,塔式車位,11.94,1800000
中正區,房地(土地+建物)+車位,臺北市中正區臨沂街６３巷１６號六樓,1080305,土地1建物1車位2,七層,七層,華廈(10層含以下有電梯),住家用,1100330,492.27,0,0,0,無,205200000,427341,升降機械,24.26,5200000
內湖區,房地(土地+建物),臺北市內湖區文德路２２巷１２０號四樓,1100606,土地1建物1車位0,四層,七層,華廈(10層含以下有電梯),住家用,730131,123.89,3,2,2,有,22280000,179837,,0,0
大安區,房地(土地+建物),臺北市大安區溫州街７４巷３弄６號四樓之４,1100613,土地1建物1車位0,四層,七層,華廈(10層含以下有電梯),住家用,,60.29,2,1,1,有,18500000,306850,,0,0
中正區,房地(土地+建物),臺北市中正區汀州路一段１０２號四樓,1100510,土地1建物1車位0,四層,七層,華廈(10層含以下有電梯),住家用,791105,125.86,3,2,2,無,23380000,185762,,0,0
內湖區,房地(土地+建物),臺北市內湖區文湖街７號四樓之５,1100606,土地1建物1車位0,四層,七層,華廈(10層含以下有電梯),住家用,960308,34.1,1,1,1,有,8250000,241935,,0,0
大安區,房地(土地+建物),臺北市大安區忠孝東路四段２１６巷３３弄１０號四樓,1100515,土地1建物1車位0,四層,七層,華廈(10層含以下有電梯),住家用,,135.73,4,2,2,有,15000000,110514,,0,0
中山區,房地(土地+建物)+車位,臺北市中山區通北街６５巷２弄２７號,1100516,土地1建物1車位1,一層,九層,華廈(10層含以下有電梯),住家用,870508,164.12,3,2,1,有,22710000,138374,坡道平面,0,0
北投區,房地(土地+建物)+車位,臺北市北投區三合街一段１１７巷３８弄６號二樓,1100515,土地1建物1車位2,二層,九層,華廈(10層含以下有電梯),住家用,1070614,287.31,3,2,2,有,53700000,227359,坡道平面,75.97,5650000
北投區,房地(土地+建物)+車位,臺北市北投區三合街一段１１７巷３８弄１２號八樓,1100308,土地1建物1車位1,八層,九層,華廈(10層含以下有電梯),住家用,1070614,245.48,3,2,2,有,46910000,215666,坡道平面,39.56,2500000
中山區,房地(土地+建物)+車位,臺北市中山區明水路３９７巷７弄４１號八樓,1100407,土地1建物1車位2,九層,九層,華廈(10層含以下有電梯),住家用,820924,458.87,5,3,3,有,82500000,179789,坡道平面,0,0
信義區,房地(土地+建物),臺北市信義區永吉路３０巷１０２弄１９號三樓,1100615,土地1建物1車位0,三層,九層,華廈(10層含以下有電梯),住家用,990908,65.64,2,2,2,有,24200000,368678,,0,0
中山區,房地(土地+建物)+車位,臺北市中山區松江路１８４巷２６弄６號五樓之６,1100430,土地2建物1車位1,五層,九層,華廈(10層含以下有電梯),住家用,971202,76.96,2,1,1,有,18080000,234927,升降機械,11.33,0
士林區,房地(土地+建物)+車位,臺北市士林區福華路６號五樓,1100329,土地1建物1車位1,五層,九層,華廈(10層含以下有電梯),住家用,1070709,155.86,3,2,2,有,30680000,196843,升降平面,37.8,0
中正區,房地(土地+建物),臺北市中正區羅斯福路二段８巷８號六樓之２,1100508,土地1建物1車位0,六層,九層,華廈(10層含以下有電梯),住家用,1000408,83.7,2,2,1,有,28200000,336918,,0,0
中山區,房地(土地+建物)+車位,臺北市中山區中山北路二段５９巷７號六樓,1100609,土地1建物1車位1,六層,九層,華廈(10層含以下有電梯),住家用,1041127,121.81,2,1,1,有,26500000,255924,升降平面,26.86,2200000
萬華區,房地(土地+建物),臺北市萬華區峨眉街１２２號四樓之９,1100623,土地2建物1車位0,四層,九層,華廈(10層含以下有電梯),住家用,651027,53.79,0,0,0,有,6000000,111545,,0,0
萬華區,房地(土地+建物)+車位,臺北市萬華區西寧南路１２５號十四樓之１,1100513,土地1建物1車位1,十四層,二十七層,住宅大樓(11層含以上有電梯),住家用,1010320,97.03,2,1,1,有,22300000,229802,坡道機械,0,0
中正區,房地(土地+建物)+車位,臺北市中正區延平南路１５２號十七樓,1100316,土地1建物1車位1,十七層,二十二層,住宅大樓(11層含以上有電梯),住家用,1080723,192.52,0,0,0,有,52300000,295068,坡道機械,25.44,3000000
南港區,房地(土地+建物)+車位,臺北市南港區興中路２８巷１０號十一樓,1100513,土地1建物1車位1,十一層,二十五層,住宅大樓(11層含以上有電梯),住家用,1011001,118.32,2,1,1,有,23360000,197431,坡道平面,0,0
萬華區,房地(土地+建物),臺北市萬華區康定路１０３號九樓之１６,1100423,土地1建物1車位0,九層,二十六層,住宅大樓(11層含以上有電梯),住家用,1050331,66.12,1,1,1,有,12550000,189806,,0,0
萬華區,房地(土地+建物)+車位,臺北市萬華區康定路１０３號十七樓之１３,1100508,土地1建物1車位1,十七層,二十六層,住宅大樓(11層含以上有電梯),住家用,1050331,68.95,1,1,1,有,11200000,162437,坡道機械,16.85,0
信義區,房地(土地+建物)+車位,臺北市信義區松德路１０４號十七樓,1100509,土地1建物1車位1,十七層,二十四層,住宅大樓(11層含以上有電梯),住家用,831006,242.78,2,2,2,有,67450000,277824,坡道平面,0,0
士林區,房地(土地+建物),臺北市士林區德行東路９０巷１３弄１０號,1100519,土地1建物2車位0,一層,二層,公寓(5樓含以下無電梯),住家用,650421,151.2,4,2,3,有,52000000,343915,,0,0
士林區,房地(土地+建物),臺北市士林區美崙街８巷１號,1100506,土地1建物1車位0,二層,二層,透天厝,住家用,,139.1,8,0,8,無,38000000,273185,,0,0
士林區,房地(土地+建物),臺北市士林區東山路５號,1091223,土地6建物1車位0,二層,二層,透天厝,住家用,551223,900.36,7,4,4,無,600000000,666400,,0,0
士林區,房地(土地+建物),臺北市士林區忠誠路二段１４０巷１５弄１７號,1100326,土地1建物1車位0,二層,二層,透天厝,住家用,621114,116.74,4,2,2,無,40000000,342642,,0,0
北投區,房地(土地+建物),臺北市北投區中和街４５５巷１弄２５號,1100603,土地3建物1車位0,二層,二層,透天厝,住家用,620519,118.98,6,2,4,無,36500000,306774,,0,0
萬華區,房地(土地+建物),臺北市萬華區萬大路４８６巷１０弄２０號,1100514,土地2建物1車位0,二層,二層,透天厝,住家用,,94.66,2,2,1,無,22000000,232411,,0,0
士林區,房地(土地+建物),臺北市士林區力行街２０巷４號,1100523,土地1建物1車位0,二層,二層,透天厝,住家用,540810,74.98,11,0,3,無,17000000,226727,,0,0
北投區,房地(土地+建物),臺北市北投區復興三路１５２巷３８弄６號,1100504,土地1建物1車位0,二層,二層,透天厝,住家用,590701,332.28,4,2,3,無,46500000,139942,,0,0
中山區,房地(土地+建物),臺北市中山區松江路１３３巷５０號五樓,1100410,土地1建物2車位0,五層,八層,華廈(10層含以下有電梯),住家用,930829,29.93,1,1,1,有,9000000,300702,,0,0
內湖區,房地(土地+建物),臺北市內湖區文湖街２１巷１１２弄１２號五樓之２,1100518,土地1建物1車位0,五層,八層,華廈(10層含以下有電梯),住家用,920515,63.76,3,2,1,有,11800000,185069,,0,0
北投區,房地(土地+建物),臺北市北投區永興路二段４７號六樓,1100517,土地1建物1車位0,六層,八層,華廈(10層含以下有電梯),住家用,990901,36.63,1,1,1,無,5500000,150150,,0,0
中山區,房地(土地+建物),臺北市中山區新生北路三段４３號七樓之９,1100614,土地2建物1車位0,七層,十一層,住宅大樓(11層含以上有電梯),住家用,670301,51.73,1,1,1,有,9800000,189445,,0,0
文山區,房地(土地+建物)+車位,臺北市文山區樟新街３２巷２０號七樓,1100428,土地1建物1車位2,七層,十一層,住宅大樓(11層含以上有電梯),住家用,970201,209.78,3,2,2,有,37000000,176375,坡道機械,0,0
松山區,房地(土地+建物)+車位,臺北市松山區復興北路３１３巷４０號七樓,1100513,土地1建物1車位2,七層,十一層,住宅大樓(11層含以上有電梯),住家用,970813,325.46,3,2,2,有,88500000,319407,坡道平面,70.3,7000000
內湖區,房地(土地+建物)+車位,臺北市內湖區金龍路４７巷１３弄７號七樓,1100317,土地1建物1車位1,七層,十一層,住宅大樓(11層含以上有電梯),住家用,1040518,173.83,3,2,2,有,35500000,247618,坡道平面,40.56,2500000
中山區,房地(土地+建物),臺北市中山區長安東路二段６７號九樓,1100613,土地1建物1車位0,九層,十一層,住宅大樓(11層含以上有電梯),住家用,700320,27.81,0,1,1,有,6150000,221143,,0,0
中正區,房地(土地+建物)+車位,臺北市中正區杭州南路一段１３１巷７號二樓之１,1100405,土地1建物1車位1,二層,十一層,住宅大樓(11層含以上有電梯),住家用,970619,267.08,4,2,3,有,78000000,292047,坡道平面,31.18,0
大同區,房地(土地+建物),臺北市大同區延平北路二段１９７號八樓之１２,1100531,土地1建物1車位0,八層,十一層,住宅大樓(11層含以上有電梯),住家用,680420,56.9,1,2,1,有,7600000,133568,,0,0
文山區,房地(土地+建物)+車位,臺北市文山區指南路三段８１號八樓,1100611,土地1建物1車位1,八層,十一層,住宅大樓(11層含以上有電梯),住家用,1030513,216.69,3,1,2,有,28200000,145650,坡道平面,36.12,1900000
中山區,房地(土地+建物)+車位,臺北市中山區明水路５５７巷１９號十樓,1100621,土地1建物1車位2,十層,十一層,住宅大樓(11層含以上有電梯),住家用,840718,266.53,4,2,2,有,50000000,187596,坡道平面,0,0
南港區,房地(土地+建物)+車位,臺北市南港區研究院路二段９８巷５號十樓,1100427,土地1建物2車位2,十層,十一層,住宅大樓(11層含以上有電梯),住家用,1020808,284.65,4,2,2,有,41500000,145793,坡道平面,88.68,0
內湖區,房地(土地+建物),臺北市內湖區康樂街２２１號五樓,1100520,土地1建物1車位0,五層,十一層,住宅大樓(11層含以上有電梯),住家用,831208,113.64,3,2,2,有,14250000,125396,,0,0
內湖區,房地(土地+建物)+車位,臺北市內湖區民權東路六段１７９號六樓,1100604,土地2建物1車位1,六層,十一層,住宅大樓(11層含以上有電梯),住家用,1041016,97.05,2,1,1,有,21300000,219474,坡道機械,15.29,0
士林區,房地(土地+建物),臺北市士林區基河路１２８號四樓之１５,1100614,土地1建物1車位0,四層,十一層,住宅大樓(11層含以上有電梯),住家用,850916,35.8,1,1,1,有,6980000,194972,,0,0
中山區,房地(土地+建物)+車位,臺北市中山區五常街１１巷３號十七樓之３,1100523,土地2建物1車位1,十七層,十七層,住宅大樓(11層含以上有電梯),住家用,1080918,133.66,0,0,0,有,27700000,265635,坡道平面,38.04,2300000
中山區,房地(土地+建物)+車位,臺北市中山區五常街１１巷３號十七樓之２,1100613,土地2建物1車位1,十七層,十七層,住宅大樓(11層含以上有電梯),住家用,1080918,102.6,0,0,0,有,20100000,277261,坡道平面,38.04,2200000
中山區,房地(土地+建物),臺北市中山區五常街１１巷３號十二樓之１,1100529,土地2建物1車位0,十二層,十七層,住宅大樓(11層含以上有電梯),住家用,1080918,155.27,2,1,2,有,34780000,223997,,0,0
信義區,房地(土地+建物),臺北市信義區信義路五段１２７號十九樓之１４,1100524,土地1建物1車位0,十九層,十九層,住宅大樓(11層含以上有電梯),住家用,951229,67.33,1,1,1,有,19700000,292589,,0,0
信義區,房地(土地+建物),臺北市信義區信義路五段１１５號十五樓之１,1100525,土地1建物1車位0,十五層,十九層,住宅大樓(11層含以上有電梯),住家用,980702,47.67,1,1,1,有,15350000,322005,,0,0
文山區,房地(土地+建物)+車位,臺北市文山區秀明路二段１１５巷１０號十四樓,1100321,土地4建物1車位1,十四層,十九層,住宅大樓(11層含以上有電梯),住家用,860610,178.04,4,2,2,有,25080000,140867,坡道機械,0,0
大同區,房地(土地+建物)+車位,臺北市大同區南京西路５７號五樓,1100519,土地1建物1車位1,五層,十九層,住宅大樓(11層含以上有電梯),住家用,1080304,91.43,2,1,1,有,17936283,196175,升降機械,0,0
大安區,房地(土地+建物)+車位,臺北市大安區新生南路一段１４５號二樓之１,1090615,土地1建物1車位1,二層,十二層,住宅大樓(11層含以上有電梯),住家用,1100325,58.75,1,1,1,無,19500000,397940,升降機械,16.03,2500000
北投區,房地(土地+建物)+車位,臺北市北投區立農街二段２１０號二樓,1100128,土地1建物1車位1,二層,十二層,住宅大樓(11層含以上有電梯),住家用,851106,149.46,2,2,2,有,28000000,187341,坡道平面,0,0
大安區,房地(土地+建物),臺北市大安區信義路三段１０６號八樓之１,1100506,土地1建物1車位0,八層,十二層,住宅大樓(11層含以上有電梯),住家用,700918,62.17,1,1,1,無,10000000,160849,,0,0
大安區,房地(土地+建物),臺北市大安區新生南路一段１４５號八樓,1070603,土地1建物1車位0,八層,十二層,住宅大樓(11層含以上有電梯),住家用,1100325,89.48,2,2,2,無,35500000,396737,,0,0
北投區,房地(土地+建物)+車位,臺北市北投區東華街二段２２號八樓,1100529,土地1建物1車位1,八層,十二層,住宅大樓(11層含以上有電梯),住家用,1020923,194.57,3,2,2,有,37280000,191602,升降平面,0,0
大安區,房地(土地+建物)+車位,臺北市大安區信義路四段１９９巷２號八樓,1100502,土地2建物1車位1,八層,十二層,住宅大樓(11層含以上有電梯),住家用,710111,216.58,4,2,2,有,53500000,310736,坡道機械,58.89,4500000
大安區,房地(土地+建物)+車位,臺北市大安區新生南路一段１４５號八樓之２,1070205,土地1建物1車位1,八層,十二層,住宅大樓(11層含以上有電梯),住家用,1100325,84.46,0,0,0,無,29080000,388426,升降機械,16.03,2500000
中山區,房地(土地+建物),臺北市中山區長春路１００號十一樓之１１,1100604,土地1建物1車位0,十一層,十二層,住宅大樓(11層含以上有電梯),住家用,640626,46.48,1,1,1,有,7500000,161360,,0,0
信義區,房地(土地+建物),臺北市信義區中坡北路９號十一樓,1100314,土地1建物1車位0,十一層,十二層,住宅大樓(11層含以上有電梯),住家用,730712,111.69,3,2,2,有,25300000,226520,,0,0
中山區,房地(土地+建物),臺北市中山區林森北路２８６號十二樓之２,1100516,土地1建物1車位0,十二層,十二層,住宅大樓(11層含以上有電梯),住家用,770905,41.11,1,1,1,有,7000000,170275,,0,0
大安區,房地(土地+建物)+車位,臺北市大安區新生南路一段１４５號十二樓之２,1090305,土地1建物1車位1,十二層,十二層,住宅大樓(11層含以上有電梯),住家用,1100325,84.46,1,2,1,無,32220000,434312,升降機械,16.03,2500000
大安區,房地(土地+建物)+車位,臺北市大安區新生南路一段１４５號十二樓之３,1090305,土地1建物1車位1,十二層,十二層,住宅大樓(11層含以上有電梯),住家用,1100325,64.83,1,1,1,無,23670000,433811,升降機械,16.03,2500000
內湖區,房地(土地+建物)+車位,臺北市內湖區五分街７２巷３號十二樓,1100530,土地1建物1車位1,十二層,十二層,住宅大樓(11層含以上有電梯),住家用,961025,145.39,1,2,1,有,21900000,150629,坡道平面,0,0
中山區,房地(土地+建物),臺北市中山區林森北路１１９巷８０號十樓之３,1100505,土地1建物1車位0,十層,十二層,住宅大樓(11層含以上有電梯),住家用,771216,138.77,4,2,2,有,25730000,185415,,0,0
大安區,房地(土地+建物),臺北市大安區信義路二段２８號十樓之２,1100516,土地2建物1車位0,十層,十二層,住宅大樓(11層含以上有電梯),住家用,700815,126.29,3,2,2,有,34500000,273181,,0,0
萬華區,房地(土地+建物),臺北市萬華區環河南路二段１６１號十樓之２,1100615,土地1建物1車位0,十層,十二層,住宅大樓(11層含以上有電梯),住家用,690516,60.77,2,1,1,有,6800000,111897,,0,0
大安區,房地(土地+建物)+車位,臺北市大安區新生南路一段１４５號十樓之１,1100305,土地1建物1車位1,十層,十二層,住宅大樓(11層含以上有電梯),住家用,1100325,58.75,1,1,1,無,20750000,427200,升降機械,16.03,2500000
大安區,房地(土地+建物)+車位,臺北市大安區新生南路一段１４５號十樓,1100305,土地1建物1車位1,十層,十二層,住宅大樓(11層含以上有電梯),住家用,1100325,105.5,2,2,2,無,40700000,426959,升降機械,16.03,2500000
大安區,房地(土地+建物)+車位,臺北市大安區新生南路一段１４５號三樓,1091120,土地1建物1車位1,三層,十二層,住宅大樓(11層含以上有電梯),住家用,1100325,105.37,2,2,2,無,38180000,399373,升降機械,16.03,2500000
文山區,房地(土地+建物)+車位,臺北市文山區萬芳路２０號三樓之３,1100418,土地1建物1車位1,三層,十二層,住宅大樓(11層含以上有電梯),住家用,940128,127.39,3,2,1,有,16260000,127640,坡道平面,35.82,0
北投區,房地(土地+建物),臺北市北投區中山路４７號五樓之１２,1100607,土地8建物1車位0,五層,十二層,住宅大樓(11層含以上有電梯),住家用,730419,32.44,1,1,1,有,3120000,96178,,0,0
信義區,房地(土地+建物),臺北市信義區信義路五段１０９號五樓之４,1100406,土地1建物1車位0,五層,十二層,住宅大樓(11層含以上有電梯),住家用,860926,107.02,3,2,1,有,22850000,213511,,0,0
大安區,房地(土地+建物),臺北市大安區新生南路一段１４５號五樓之１,1070615,土地1建物1車位0,五層,十二層,住宅大樓(11層含以上有電梯),住家用,1100325,42.72,1,1,1,無,16520000,386704,,0,0
信義區,房地(土地+建物)+車位,臺北市信義區松仁路１４８號五樓,1100520,土地1建物1車位2,五層,十二層,住宅大樓(11層含以上有電梯),住家用,960719,394.12,4,2,3,有,145000000,367908,坡道平面,0,0
大安區,房地(土地+建物)+車位,臺北市大安區新生南路一段１４５號五樓,1100326,土地1建物1車位1,五層,十二層,住宅大樓(11層含以上有電梯),住家用,1100325,105.5,2,2,2,無,39250000,410752,升降機械,16.03,2500000
大安區,房地(土地+建物)+車位,臺北市大安區新生南路一段１４５號五樓之２,1070401,土地1建物1車位1,五層,十二層,住宅大樓(11層含以上有電梯),住家用,1100325,84.46,1,2,1,無,28500000,379950,升降機械,16.03,2500000
大安區,房地(土地+建物)+車位,臺北市大安區新生南路一段１４５號五樓之３,1100204,土地1建物1車位1,五層,十二層,住宅大樓(11層含以上有電梯),住家用,1100325,64.83,1,1,1,無,20860000,376230,升降機械,16.03,2500000
大安區,房地(土地+建物)+車位,臺北市大安區新生南路一段１４５號六樓之２,1070212,土地1建物1車位1,六層,十二層,住宅大樓(11層含以上有電梯),住家用,1100325,84.46,1,2,1,無,28317800,377288,升降機械,16.03,2500000
大安區,房地(土地+建物)+車位,臺北市大安區新生南路一段１４５號六樓,1070315,土地1建物1車位1,六層,十二層,住宅大樓(11層含以上有電梯),住家用,1100325,105.5,0,0,0,無,36220000,376886,升降機械,16.03,2500000
大安區,房地(土地+建物)+車位,臺北市大安區新生南路一段１４５號四樓之３,1090602,土地1建物1車位1,四層,十二層,住宅大樓(11層含以上有電梯),住家用,1100325,64.83,1,1,1,無,22300000,405738,升降機械,16.03,2500000
大安區,房地(土地+建物)+車位,臺北市大安區新生南路一段１４５號四樓,1070622,土地1建物1車位1,四層,十二層,住宅大樓(11層含以上有電梯),住家用,1100325,105.5,1,2,2,無,35900000,373309,升降機械,16.03,2500000
中山區,房地(土地+建物),臺北市中山區南京東路二段１０８號十八樓,1100318,土地3建物1車位0,十八層,十八層,住宅大樓(11層含以上有電梯),住家用,990917,51.1,1,1,1,有,16000000,313112,,0,0
中山區,房地(土地+建物),臺北市中山區南京東路二段１０８號六樓之３,1100428,土地3建物1車位0,六層,十八層,住宅大樓(11層含以上有電梯),住家用,990917,49.95,1,1,1,有,14300000,286286,,0,0
內湖區,房地(土地+建物),臺北市內湖區康寧路三段５４之７號七樓之２,1100528,土地1建物1車位0,七層,十三層,住宅大樓(11層含以上有電梯),住家用,850904,85.82,2,2,1,有,18710000,218014,,0,0
內湖區,房地(土地+建物)+車位,臺北市內湖區星雲街２１０巷１５號二樓,1100506,土地1建物1車位1,二層,十三層,住宅大樓(11層含以上有電梯),住家用,910620,87.75,4,2,2,有,18000000,205128,坡道平面,0,0
文山區,房地(土地+建物)+車位,臺北市文山區富山路２０號八樓,1100507,土地2建物1車位2,八層,十三層,住宅大樓(11層含以上有電梯),住家用,961228,274.56,4,2,2,有,36000000,131119,坡道平面,0,4000000
北投區,房地(土地+建物)+車位,臺北市北投區天母西路１１７巷３２弄８號十一樓,1100127,土地1建物1車位2,十一層,十三層,住宅大樓(11層含以上有電梯),住家用,1061102,320.5,0,0,0,有,86000000,268331,坡道平面,0,0
大同區,房地(土地+建物),臺北市大同區民權西路３００號十二樓,1100616,土地1建物1車位0,十二層,十三層,住宅大樓(11層含以上有電梯),住家用,1060314,77.26,1,2,1,有,16300000,210976,,0,0
南港區,房地(土地+建物)+車位,臺北市南港區研究院路二段８８號十三樓,1100606,土地1建物1車位1,十三層,十三層,住宅大樓(11層含以上有電梯),住家用,1020603,271.23,4,2,2,有,42000000,158768,坡道平面,16.76,1600000
士林區,房地(土地+建物),臺北市士林區基河路４０號十樓之７,1100516,土地2建物1車位0,十層,十三層,住宅大樓(11層含以上有電梯),住家用,871211,25.33,1,0,1,有,7050000,278326,,0,0
內湖區,房地(土地+建物)+車位,臺北市內湖區潭美街７９號十樓,1100207,土地1建物1車位4,十層,十三層,住宅大樓(11層含以上有電梯),住家用,1011206,204.9,3,2,3,有,40800000,199122,塔式車位,0,0
南港區,房地(土地+建物)+車位,臺北市南港區研究院路二段８８號六樓,1100510,土地1建物1車位2,六層,十三層,住宅大樓(11層含以上有電梯),住家用,1020603,286.61,4,2,2,有,42330000,151808,坡道平面,28.84,3200000
文山區,房地(土地+建物)+車位,臺北市文山區萬壽路６１巷１號二樓,1100528,土地1建物1車位1,二層,十五層,住宅大樓(11層含以上有電梯),住家用,841220,193.65,1,1,1,有,16000000,82623,坡道平面,0,0
士林區,房地(土地+建物)+車位,臺北市士林區天玉街１３號十一樓,1100618,土地1建物1車位1,十一層,十五層,住宅大樓(11層含以上有電梯),住家用,960201,224.29,4,2,2,有,61000000,271969,坡道平面,32.96,0
南港區,房地(土地+建物)+車位,臺北市南港區園區街２６號十二樓之１,1100529,土地1建物1車位1,十二層,十五層,住宅大樓(11層含以上有電梯),住家用,1000412,168.37,3,2,2,有,38500000,286990,坡道平面,42.93,2500000
中山區,房地(土地+建物)+車位,臺北市中山區新生北路二段２８巷５號十三樓,1100514,土地1建物1車位2,十三層,十五層,住宅大樓(11層含以上有電梯),住家用,780517,222.91,4,2,2,有,38800000,174061,坡道平面,0,0
士林區,房地(土地+建物)+車位,臺北市士林區士東路２６６巷１５弄３號五樓,1100505,土地1建物1車位3,五層,十五層,住宅大樓(11層含以上有電梯),住家用,971229,452.25,5,2,3,有,103750000,229414,坡道平面,0,0
信義區,房地(土地+建物)+車位,臺北市信義區松德路１３７號四樓,1100408,土地2建物1車位5,四層,十五層,住宅大樓(11層含以上有電梯),住家用,990720,641.07,4,2,3,有,60500000,94373,坡道平面,64.68,0
文山區,房地(土地+建物),臺北市文山區興隆路四段１３３號十五樓,1100605,土地1建物1車位0,十五層,十六層,住宅大樓(11層含以上有電梯),住家用,841122,52.76,1,1,1,有,9500000,180061,,0,0
內湖區,房地(土地+建物)+車位,臺北市內湖區星雲街１６８巷５號六樓,1100602,土地1建物1車位1,六層,十六層,住宅大樓(11層含以上有電梯),住家用,841116,199.7,4,2,2,有,33660000,168553,坡道平面,0,0
內湖區,房地(土地+建物),臺北市內湖區成功路五段２４號四樓,1100613,土地1建物1車位0,四層,十六層,住宅大樓(11層含以上有電梯),住家用,840725,147.79,3,2,1,有,25080000,169700,,0,0
內湖區,房地(土地+建物)+車位,臺北市內湖區內湖路一段７之１號七樓,1100507,土地2建物1車位1,七層,十四層,住宅大樓(11層含以上有電梯),住家用,1071109,16.53,2,1,1,有,4000000,288668,坡道機械,3.47,230000
大安區,房地(土地+建物),臺北市大安區辛亥路一段１３５號二樓,1100430,土地1建物1車位0,二層,十四層,住宅大樓(11層含以上有電梯),住家用,720920,116.15,3,2,2,有,24700000,212656,,0,0
信義區,房地(土地+建物),臺北市信義區松山路４８２巷１８號二樓,1100327,土地2建物1車位0,二層,十四層,住宅大樓(11層含以上有電梯),住家用,740723,112.64,3,2,1,有,25000000,221946,,0,0
內湖區,房地(土地+建物)+車位,臺北市內湖區金湖路９７號二樓,1100509,土地1建物1車位2,二層,十四層,住宅大樓(11層含以上有電梯),住家用,990518,198.9,3,2,2,有,43600000,219206,坡道機械,39.32,0
內湖區,房地(土地+建物)+車位,臺北市內湖區新豐街１５２號八樓之２,1100425,土地1建物1車位1,八層,十四層,住宅大樓(11層含以上有電梯),住家用,991130,204.37,3,2,2,有,44700000,218721,坡道平面,0,0
信義區,房地(土地+建物)+車位,臺北市信義區和平東路三段１６９號十一樓,1100519,土地2建物1車位1,十一層,十四層,住宅大樓(11層含以上有電梯),住家用,970205,84.19,1,0,1,有,15020000,178406,坡道平面,38.64,0
松山區,房地(土地+建物)+車位,臺北市松山區三民路４３巷９號十一樓,1100607,土地1建物1車位1,十一層,十四層,住宅大樓(11層含以上有電梯),住家用,930507,244.1,4,2,2,有,46880000,192052,坡道平面,0,0
北投區,房地(土地+建物)+車位,臺北市北投區中央北路二段３５０巷７６號十三樓,1100410,土地1建物1車位1,十三層,十四層,住宅大樓(11層含以上有電梯),住家用,1040724,183.36,3,2,2,有,22800000,124346,坡道平面,0,0
信義區,房地(土地+建物),臺北市信義區虎林街６６巷２２號十四樓,1100504,土地2建物1車位0,十四層,十四層,住宅大樓(11層含以上有電梯),住家用,741113,122.61,4,2,2,有,22000000,179431,,0,0
內湖區,房地(土地+建物)+車位,臺北市內湖區成功路二段３１７巷７號十樓,1100611,土地1建物1車位1,十層,十四層,住宅大樓(11層含以上有電梯),住家用,1040630,197.4,3,2,2,有,35880000,203257,坡道平面,34.65,2800000
內湖區,房地(土地+建物)+車位,臺北市內湖區大湖山莊街１４８號三樓之１,1100504,土地1建物1車位2,三層,十四層,住宅大樓(11層含以上有電梯),住家用,931130,263.08,3,2,2,有,50500000,255102,坡道平面,84.72,5000000
中正區,房地(土地+建物),臺北市中正區門街１２９號五樓之１,1100418,土地1建物1車位0,五層,十四層,住宅大樓(11層含以上有電梯),住家用,990825,113.06,2,2,1,有,20500000,181320,,0,0
中正區,房地(土地+建物),臺北市中正區開封街一段４８號五樓之１４,1100616,土地1建物1車位0,五層,十四層,住宅大樓(11層含以上有電梯),住家用,961025,51.13,1,1,1,有,11000000,215138,,0,0
文山區,房地(土地+建物)+車位,臺北市文山區羅斯福路六段２８５號五樓,1100305,土地2建物1車位1,五層,十四層,住宅大樓(11層含以上有電梯),住家用,990930,130.75,3,2,1,有,23900000,182806,升降平面,0,0
萬華區,房地(土地+建物)+車位,臺北市萬華區中華路二段３６４巷２６號五樓之１,1100424,土地1建物1車位1,五層,十四層,住宅大樓(11層含以上有電梯),住家用,1010625,174.87,3,2,2,有,29000000,165837,坡道平面,0,2500000
大安區,房地(土地+建物)+車位,臺北市大安區基隆路二段１８８號五樓之２,1100530,土地1建物1車位1,五層,十四層,住宅大樓(11層含以上有電梯),住家用,980109,49,1,1,1,有,12400000,253061,塔式車位,13.15,0
中山區,房地(土地+建物),臺北市中山區長春路２８號六樓之７,1100517,土地1建物1車位0,六層,十四層,住宅大樓(11層含以上有電梯),住家用,990212,94.14,2,1,1,有,22000000,233694,,0,0
信義區,房地(土地+建物),臺北市信義區松德路２５巷１４號四樓,1100515,土地2建物1車位0,四層,十四層,住宅大樓(11層含以上有電梯),住家用,740620,119.44,3,2,2,有,26700000,223543,,0,0
中山區,房地(土地+建物),臺北市中山區錦州街３０巷１１號九樓之４,1100517,土地1建物1車位0,九層,十層,華廈(10層含以下有電梯),住家用,680613,22.94,1,0,1,有,4200000,183086,,0,0
中山區,房地(土地+建物),臺北市中山區農安街３２號十樓之１２、十樓之１３,1100521,土地1建物1車位0,十層,十層,華廈(10層含以下有電梯),住家用,680420,73.44,2,2,1,有,13500000,183824,,0,0
中山區,房地(土地+建物)+車位,臺北市中山區德惠街６５號十樓,1100509,土地2建物1車位1,十層,十層,華廈(10層含以下有電梯),住家用,900926,211.61,4,2,2,有,37380000,199965,坡道平面,39.68,3000000
中山區,房地(土地+建物),臺北市中山區錦州街３０巷１１號六樓之２０,1100603,土地1建物1車位0,六層,十層,華廈(10層含以下有電梯),住家用,680613,27.97,1,1,1,有,5250000,187701,,0,0
士林區,房地(土地+建物)+車位,臺北市士林區天母東路８號二十五樓,1100522,土地2建物1車位4,二十五層,三十八層,住宅大樓(11層含以上有電梯),住家用,1050920,694.84,0,0,0,有,270000000,439463,坡道平面,105.94,11200000
萬華區,房地(土地+建物),臺北市萬華區大理街５６號,1100604,土地1建物1車位0,三層,三層,透天厝,住家用,,35.24,4,2,3,無,5500000,156073,,0,0
信義區,房地(土地+建物),臺北市信義區永吉路１２０巷２７弄２１號,1100228,土地1建物1車位0,三層,三層,透天厝,住家用,520601,58.83,3,1,2,無,13000000,220976,,0,0
文山區,房地(土地+建物),臺北市文山區福興路８２巷５弄７號,1100516,土地1建物1車位0,一層,五層,公寓(5樓含以下無電梯),住家用,720905,85.7,2,2,1,無,11000000,128355,,0,0
中山區,房地(土地+建物),臺北市中山區民生西路４５巷９弄６號,1100615,土地1建物1車位0,一層,五層,公寓(5樓含以下無電梯),住家用,680608,9.38,1,1,1,無,910000,97015,,0,0
南港區,房地(土地+建物),臺北市南港區研究院路二段２１３巷１號,1100612,土地1建物1車位0,一層,五層,公寓(5樓含以下無電梯),住家用,700328,100.69,6,0,6,無,13000000,129109,,0,0
大安區,房地(土地+建物),臺北市大安區羅斯福路三段２６９巷２３號,1091116,土地1建物1車位0,一層,五層,公寓(5樓含以下無電梯),住家用,750725,92.58,2,3,2,無,28200000,304601,,0,0
文山區,房地(土地+建物),臺北市文山區萬慶街４７號,1100320,土地1建物1車位0,一層,五層,公寓(5樓含以下無電梯),住家用,781102,158.15,3,2,2,無,25000000,158078,,0,0
內湖區,房地(土地+建物),臺北市內湖區環山路二段１０９巷３弄１７號二樓,1100521,土地1建物1車位0,二層,五層,公寓(5樓含以下無電梯),住家用,780421,124.19,3,2,2,無,16500000,132861,,0,0
中山區,房地(土地+建物),臺北市中山區林森北路８５巷８５號二樓,1100522,土地2建物1車位0,二層,五層,華廈(10層含以下有電梯),住家用,680731,153.02,2,2,2,無,24000000,156842,,0,0
大安區,房地(土地+建物),臺北市大安區富陽街１３８號二樓,1100505,土地1建物1車位0,二層,五層,公寓(5樓含以下無電梯),住家用,,96.8,3,2,2,無,15500000,160124,,0,0
文山區,房地(土地+建物),臺北市文山區木柵路四段１５９巷１７０弄１之１號二樓,1100605,土地3建物1車位0,二層,五層,公寓(5樓含以下無電梯),住家用,700203,107.56,3,2,2,無,12500000,116214,,0,0
文山區,房地(土地+建物),臺北市文山區木柵路四段１５９巷１７０弄３號二樓,1100604,土地3建物1車位0,二層,五層,公寓(5樓含以下無電梯),住家用,700203,88.63,3,2,1,無,8000000,90263,,0,0
文山區,房地(土地+建物),臺北市文山區溪口街８５巷７弄４號二樓,1100624,土地3建物1車位0,二層,五層,公寓(5樓含以下無電梯),住家用,700113,93.74,4,2,2,無,14880000,158737,,0,0
萬華區,房地(土地+建物),臺北市萬華區雙和街７８號二樓,1100513,土地1建物1車位0,二層,五層,公寓(5樓含以下無電梯),住家用,640508,31.44,1,1,1,無,5000000,159033,,0,0
大安區,房地(土地+建物),臺北市大安區安居街８９號二樓,1100531,土地1建物1車位0,二層,五層,公寓(5樓含以下無電梯),住家用,,37.63,1,1,1,無,8000000,212596,,0,0
大同區,房地(土地+建物),臺北市大同區延平北路二段２４７巷３之１號三樓,1100622,土地1建物1車位0,三層,五層,公寓(5樓含以下無電梯),住家用,670204,18.3,3,1,1,無,1450000,79235,,0,0
內湖區,房地(土地+建物),臺北市內湖區康寧路三段２６５巷４５號三樓,1100417,土地1建物1車位0,三層,五層,公寓(5樓含以下無電梯),住家用,750401,118.77,3,2,2,無,16000000,134714,,0,0
松山區,房地(土地+建物),臺北市松山區光復南路６６巷４號三樓,1100624,土地2建物1車位0,三層,五層,公寓(5樓含以下無電梯),住家用,721110,78.82,2,1,1,無,19000000,241056,,0,0
松山區,房地(土地+建物),臺北市松山區延壽街４０２巷２弄８號三樓,1100529,土地2建物1車位0,三層,五層,公寓(5樓含以下無電梯),住家用,,99.77,3,2,1,無,22000000,220507,,0,0
萬華區,房地(土地+建物),臺北市萬華區和平西路三段３０２巷２號三樓,1100420,土地1建物1車位0,三層,五層,公寓(5樓含以下無電梯),住家用,610717,99.6,3,2,1,無,8800000,88353,,0,0
文山區,房地(土地+建物),臺北市文山區興隆路三段１８５巷１弄６號三樓,1100520,土地7建物1車位0,三層,五層,公寓(5樓含以下無電梯),住家用,720823,92.7,3,1,2,有,5000000,53937,,0,0
文山區,房地(土地+建物),臺北市文山區興隆路三段１８５巷１１弄１０號三樓,1100317,土地7建物1車位0,三層,五層,公寓(5樓含以下無電梯),住家用,720823,82.76,3,2,2,無,8400000,101498,,0,0
南港區,房地(土地+建物),臺北市南港區玉成街２３９號三樓,1100530,土地1建物1車位0,三層,五層,公寓(5樓含以下無電梯),住家用,661104,104.21,3,2,2,無,18750000,179925,,0,0
大安區,房地(土地+建物),臺北市大安區和平東路二段１１８巷４弄２８號三樓,1100515,土地1建物1車位0,三層,五層,公寓(5樓含以下無電梯),住家用,,99.63,3,2,2,有,26800000,268995,,0,0
文山區,房地(土地+建物)+車位,臺北市文山區萬利街６０號三樓,1100529,土地1建物1車位1,三層,五層,華廈(10層含以下有電梯),住家用,800129,186.08,3,2,2,有,21200000,113929,坡道平面,0,0
北投區,房地(土地+建物)+車位,臺北市北投區稻香路１７０號三樓,1100429,土地1建物1車位1,三層,五層,華廈(10層含以下有電梯),住家用,1060815,274.51,4,2,3,有,34700000,130388,坡道平面,23.72,2000000
信義區,房地(土地+建物),臺北市信義區吳興街２８４巷２４弄７２之１號五樓,1100522,土地1建物1車位0,五層,五層,公寓(5樓含以下無電梯),住家用,670708,59.82,2,2,1,無,9800000,163825,,0,0
北投區,房地(土地+建物),臺北市北投區光明路２６８號五樓,1100516,土地1建物1車位0,五層,五層,公寓(5樓含以下無電梯),住家用,740926,50.56,2,1,1,有,5600000,110759,,0,0
中山區,房地(土地+建物),臺北市中山區龍江路３９７巷４２號五樓,1100528,土地2建物1車位0,五層,五層,公寓(5樓含以下無電梯),住家用,670712,111.25,3,2,2,無,18200000,163596,,0,0
萬華區,房地(土地+建物),臺北市萬華區環河南路二段２８０巷３１號五樓,1100523,土地1建物1車位0,五層,五層,公寓(5樓含以下無電梯),住家用,721227,118.61,3,2,2,無,11750000,99064,,0,0
內湖區,房地(土地+建物),臺北市內湖區金龍路９１號五樓,1100411,土地1建物1車位0,五層,五層,公寓(5樓含以下無電梯),住家用,680717,78.53,2,1,1,無,12450000,158538,,0,0
南港區,房地(土地+建物),臺北市南港區研究院路二段１８２巷７９弄４號五樓,1100417,土地2建物1車位0,五層,五層,公寓(5樓含以下無電梯),住家用,731029,101.82,4,2,2,有,12600000,123748,,0,0
士林區,房地(土地+建物),臺北市士林區忠誠路二段４０巷１４弄９號五樓,1100526,土地1建物1車位0,五層,五層,公寓(5樓含以下無電梯),住家用,680817,112.48,2,1,1,無,17000000,151138,,0,0
北投區,房地(土地+建物),臺北市北投區致遠一路二段５７巷１４之１號五樓,1100514,土地1建物1車位0,五層,五層,公寓(5樓含以下無電梯),住家用,710831,97.35,3,2,1,無,13500000,138675,,0,0
大安區,房地(土地+建物),臺北市大安區建國南路一段２８６巷４４號五樓,1100531,土地1建物1車位0,五層,五層,公寓(5樓含以下無電梯),住家用,710609,85.44,3,2,2,無,20200000,236423,,0,0
士林區,房地(土地+建物),臺北市士林區中山北路六段２７７巷４弄１２號五樓,1100619,土地2建物1車位0,五層,五層,公寓(5樓含以下無電梯),住家用,721019,129.09,3,2,2,無,18700000,144860,,0,0
萬華區,房地(土地+建物),臺北市萬華區青年路１６８巷４９弄６號五樓,1100619,土地1建物1車位0,五層,五層,公寓(5樓含以下無電梯),住家用,640523,38.37,2,1,1,無,5000000,130310,,0,0
北投區,房地(土地+建物),臺北市北投區大業路４８２號五樓,1100222,土地1建物1車位0,五層,五層,公寓(5樓含以下無電梯),住家用,680726,103.43,3,2,1,無,9000000,87015,,0,0
信義區,房地(土地+建物),臺北市信義區忠孝東路五段７９０巷６１弄２號五樓,1100404,土地1建物1車位0,五層,五層,公寓(5樓含以下無電梯),住家用,,103.52,3,2,1,無,15360000,148377,,0,0
大同區,房地(土地+建物),臺北市大同區萬全街２９之４號,1100423,土地1建物1車位0,五層,五層,公寓(5樓含以下無電梯),住家用,,85.83,3,2,1,無,17000000,198066,,0,0
松山區,房地(土地+建物),臺北市松山區光復南路４６巷２號五樓,1100208,土地1建物1車位0,五層,五層,公寓(5樓含以下無電梯),住家用,701230,118.75,5,4,3,無,20680000,174147,,0,0
中山區,房地(土地+建物),臺北市中山區建國北路三段２２巷１７號五樓,1100606,土地1建物1車位0,五層,五層,華廈(10層含以下有電梯),住家用,811007,42.81,1,1,1,無,6080000,142023,,0,0
大安區,房地(土地+建物),臺北市大安區臨江街１１８巷１弄７號五樓,1100509,土地1建物1車位0,五層,五層,公寓(5樓含以下無電梯),住家用,,38.2,1,1,1,無,8500000,222513,,0,0
內湖區,房地(土地+建物),臺北市內湖區內湖路一段７２１號五樓,1100317,土地1建物1車位0,五層,五層,公寓(5樓含以下無電梯),住家用,690415,97.12,3,2,2,無,13600000,140033,,0,0
文山區,房地(土地+建物),臺北市文山區興隆路四段１９５巷１３號五樓,1100614,土地1建物1車位0,五層,五層,公寓(5樓含以下無電梯),住家用,700521,132.64,3,2,2,無,13200000,99517,,0,0
文山區,房地(土地+建物),臺北市文山區萬盛街５０之１號五樓,1100505,土地1建物1車位0,五層,五層,公寓(5樓含以下無電梯),住家用,701204,100.87,3,2,1,無,13000000,128879,,0,0
信義區,房地(土地+建物),臺北市信義區吳興街２８４巷２４弄７０號五樓,1100522,土地1建物1車位0,五層,五層,公寓(5樓含以下無電梯),住家用,670708,63.5,5,3,2,無,11500000,181102,,0,0
內湖區,房地(土地+建物),臺北市內湖區成功路四段３２４巷１弄１號五樓,1100508,土地1建物1車位0,五層,五層,公寓(5樓含以下無電梯),住家用,730109,44.91,3,2,2,無,5640000,125585,,0,0
內湖區,房地(土地+建物),臺北市內湖區成功路四段３２４巷１弄１號五樓,1100508,土地1建物1車位0,五層,五層,公寓(5樓含以下無電梯),住家用,730109,44.91,3,2,2,無,5680000,126475,,0,0
文山區,房地(土地+建物)+車位,臺北市文山區政大一街２５１號五樓,1100512,土地1建物1車位1,五層,五層,華廈(10層含以下有電梯),住家用,1031113,124.46,2,2,1,有,16900000,165809,坡道平面,33.09,1750000
北投區,房地(土地+建物)+車位,臺北市北投區奇岩路１４之１號五樓,1100601,土地1建物1車位1,五層,五層,華廈(10層含以下有電梯),住家用,1011023,141.16,0,0,0,有,13600000,112720,坡道平面,38.25,2000000
中山區,房地(土地+建物)+車位,臺北市中山區長安東路一段５６巷７弄２８號五樓,1100422,土地1建物1車位1,五層,五層,華廈(10層含以下有電梯),住家用,1050825,71.8,1,1,1,有,15250000,212396,塔式車位,11.38,0
內湖區,房地(土地+建物),臺北市內湖區民權東路六段４７巷１８弄４號四樓,1100531,土地1建物1車位0,四層,五層,公寓(5樓含以下無電梯),住家用,721122,88.32,3,2,2,無,13000000,147192,,0,0
內湖區,房地(土地+建物),臺北市內湖區內湖路一段２８５巷６５弄２３號四樓,1100526,土地3建物1車位0,四層,五層,公寓(5樓含以下無電梯),住家用,701214,106.76,4,2,2,無,17900000,167666,,0,0
信義區,房地(土地+建物),臺北市信義區信義路六段７６巷８弄３６號四樓,1100512,土地1建物1車位0,四層,五層,公寓(5樓含以下無電梯),住家用,771006,123.55,2,2,2,無,19550000,158236,,0,0
南港區,房地(土地+建物),臺北市南港區南港路一段２８１號四樓,1100502,土地1建物1車位0,四層,五層,公寓(5樓含以下無電梯),住家用,720319,86.52,2,2,1,無,16200000,187240,,0,0
松山區,房地(土地+建物),臺北市松山區民生東路五段１３７巷４弄１１號四樓,1100315,土地1建物1車位0,四層,五層,公寓(5樓含以下無電梯),住家用,670701,139.28,4,2,2,無,26450000,189905,,0,0
北投區,房地(土地+建物),臺北市北投區大業路２８０巷９弄３之１號四樓,1100422,土地2建物1車位0,四層,五層,公寓(5樓含以下無電梯),住家用,680309,91.89,3,1,2,無,4223000,45957,,0,0
士林區,房地(土地+建物),臺北市士林區福港街２２４巷１２號四樓,1100531,土地1建物1車位0,四層,五層,公寓(5樓含以下無電梯),住家用,670301,83.25,3,2,1,無,12280000,147508,,0,0
士林區,房地(土地+建物),臺北市士林區華聲街３４號四樓,1100605,土地1建物1車位0,四層,五層,公寓(5樓含以下無電梯),住家用,680724,66.72,2,2,2,無,10400000,155875,,0,0
士林區,房地(土地+建物),臺北市士林區中山北路六段２巷２３弄１９號四樓,1100508,土地1建物1車位0,四層,五層,公寓(5樓含以下無電梯),住家用,730524,121.74,3,2,2,有,22500000,184820,,0,0
大安區,房地(土地+建物),臺北市大安區臨江街１１８巷１弄７號四樓,1100530,土地1建物1車位0,四層,五層,公寓(5樓含以下無電梯),住家用,,38.2,1,1,1,無,7380000,193194,,0,0
萬華區,房地(土地+建物),臺北市萬華區德昌街２７４號四樓,1100409,土地3建物1車位0,四層,五層,公寓(5樓含以下無電梯),住家用,700223,152.93,3,2,2,無,16880000,110377,,0,0
大安區,房地(土地+建物),臺北市大安區通化街１１２號四樓,1100601,土地1建物1車位0,四層,五層,公寓(5樓含以下無電梯),住家用,,40.78,1,1,1,無,10180000,249632,,0,0
大安區,房地(土地+建物),臺北市大安區安居街８４巷１７號四樓,1100513,土地1建物1車位0,四層,五層,公寓(5樓含以下無電梯),住家用,691120,104.21,3,2,2,無,17800000,170809,,0,0
文山區,房地(土地+建物)+車位,臺北市文山區木柵路四段９巷２３號,1100318,土地2建物1車位1,一層,六層,華廈(10層含以下有電梯),住家用,870815,172.12,5,2,2,有,27400000,159191,一樓平面,0,0
信義區,房地(土地+建物)+車位,臺北市信義區和平東路三段３９１巷２０弄４７號,1100501,土地1建物1車位1,三層,六層,公寓(5樓含以下無電梯),住家用,880906,236.26,5,2,3,有,34100000,144333,坡道平面,26.96,0
中山區,房地(土地+建物)+車位,臺北市中山區松江路１８８巷２號二樓之１,1100606,土地1建物1車位1,二層,六層,華廈(10層含以下有電梯),住家用,1050226,76.82,1,1,1,有,19300000,248921,塔式車位,7.32,2000000
大安區,房地(土地+建物),臺北市大安區羅斯福路三段２６９巷１５號三樓之１,1100428,土地2建物1車位0,三層,六層,華廈(10層含以下有電梯),住家用,1081107,38.72,1,1,1,有,11600000,299587,,0,0
大安區,房地(土地+建物),臺北市大安區永康街３０號四樓,1100502,土地1建物1車位0,四層,六層,華廈(10層含以下有電梯),住家用,971023,105.2,3,2,1,無,35580000,338213,,0,0
內湖區,房地(土地+建物),臺北市內湖區環山路一段２４巷３６號四樓,1100531,土地1建物1車位0,四層,六層,華廈(10層含以下有電梯),住家用,850805,44.21,1,2,1,有,10000000,226193,,0,0
內湖區,房地(土地+建物),臺北市內湖區環山路二段５３巷６弄２２號,1100409,土地1建物1車位0,一層,四層,公寓(5樓含以下無電梯),住家用,700827,76.14,3,2,1,無,11275000,148082,,0,0
北投區,房地(土地+建物),臺北市北投區新興路７８巷１６號,1100531,土地1建物1車位0,一層,四層,公寓(5樓含以下無電梯),住家用,690214,72.36,3,2,1,無,10200000,140962,,0,0
南港區,房地(土地+建物),臺北市南港區成福路１４９巷８號,1100523,土地1建物1車位0,一層,四層,公寓(5樓含以下無電梯),住家用,670626,96.37,1,2,1,無,16580000,172045,,0,0
士林區,房地(土地+建物),臺北市士林區中社路一段１１巷８７號,1100501,土地1建物1車位0,一層,四層,公寓(5樓含以下無電梯),住家用,640801,69.66,2,2,1,無,8580000,123170,,0,0
北投區,房地(土地+建物),臺北市北投區尊賢街３０２巷２３號二樓,1100411,土地1建物1車位0,二層,四層,公寓(5樓含以下無電梯),住家用,641105,110.6,3,2,2,無,16550000,149638,,0,0
士林區,房地(土地+建物),臺北市士林區中山北路六段４５０巷１１號二樓,1100501,土地1建物1車位0,二層,四層,公寓(5樓含以下無電梯),住家用,660413,140.22,4,2,2,無,18610000,132720,,0,0
大安區,房地(土地+建物),臺北市大安區臥龍街１９３號二樓,1100516,土地1建物1車位0,二層,四層,公寓(5樓含以下無電梯),住家用,660517,88.43,3,1,1,無,15500000,175280,,0,0
信義區,房地(土地+建物),臺北市信義區忠孝東路五段７９０巷７０弄１６號二樓,1100416,土地1建物1車位0,二層,四層,公寓(5樓含以下無電梯),住家用,,24.83,3,2,1,無,4333333,174520,,0,0
信義區,房地(土地+建物),臺北市信義區忠孝東路五段７９０巷７０弄１６號二樓,1100416,土地1建物1車位0,二層,四層,公寓(5樓含以下無電梯),住家用,,49.66,3,2,1,無,8666666,174520,,0,0
士林區,房地(土地+建物),臺北市士林區社中街４４４號二樓,1100426,土地1建物1車位0,二層,四層,公寓(5樓含以下無電梯),住家用,661020,76.96,3,1,1,無,9500000,123441,,0,0
內湖區,房地(土地+建物),臺北市內湖區麗山街５８號二樓,1100617,土地1建物1車位0,二層,四層,公寓(5樓含以下無電梯),住家用,691024,95.56,3,2,1,無,16000000,167434,,0,0
士林區,房地(土地+建物),臺北市士林區文昌路１６９巷３７號二樓,1100601,土地1建物1車位0,二層,四層,公寓(5樓含以下無電梯),住家用,621226,106.51,3,2,2,無,17250000,161957,,0,0
士林區,房地(土地+建物),臺北市士林區中山北路七段３８巷１２弄１號二樓,1100526,土地1建物1車位0,二層,四層,公寓(5樓含以下無電梯),住家用,670330,109.69,3,2,2,無,20000000,182332,,0,0
士林區,房地(土地+建物),臺北市士林區雨聲街４巷５號二樓,1100307,土地1建物1車位0,二層,四層,公寓(5樓含以下無電梯),住家用,660915,97.5,3,2,1,無,16000000,164103,,0,0
中山區,房地(土地+建物),臺北市中山區吉林路４６１巷２號二樓,1100610,土地1建物1車位0,二層,四層,公寓(5樓含以下無電梯),住家用,601228,100.24,3,2,1,無,15000000,149641,,0,0
中正區,房地(土地+建物),臺北市中正區新生南路一段５８巷１１號二樓,1100419,土地2建物1車位0,二層,四層,公寓(5樓含以下無電梯),住家用,720527,169.84,4,2,2,無,42000000,247292,,0,0
士林區,房地(土地+建物)+車位,臺北市士林區天母北路９巷１號二樓,1100523,土地1建物1車位1,二層,四層,華廈(10層含以下有電梯),住家用,1050526,84.17,1,1,1,有,18000000,213853,坡道機械,0,0
萬華區,房地(土地+建物),臺北市萬華區華西街２９巷２２號三樓,1100108,土地1建物1車位0,三層,四層,公寓(5樓含以下無電梯),住家用,630218,82.27,3,0,3,無,7800000,94810,,0,0
士林區,房地(土地+建物),臺北市士林區中山北路七段８２巷１０弄４０號三樓,1100515,土地3建物1車位0,三層,四層,公寓(5樓含以下無電梯),住家用,661208,88.8,2,2,1,無,16560000,186486,,0,0
中正區,房地(土地+建物),臺北市中正區忠孝東路一段４９巷５號三樓,1100314,土地2建物1車位0,三層,四層,公寓(5樓含以下無電梯),住家用,651215,88.46,3,2,1,無,17900000,202351,,0,0
文山區,房地(土地+建物),臺北市文山區興隆路四段２９巷３弄１７號三樓,1100517,土地3建物1車位0,三層,四層,公寓(5樓含以下無電梯),住家用,680914,123.45,7,0,7,無,14200000,115026,,0,0
萬華區,房地(土地+建物),臺北市萬華區萬大路４８６巷４６弄６號三樓,1100523,土地1建物1車位0,三層,四層,公寓(5樓含以下無電梯),住家用,601001,86.2,3,2,1,無,9000000,104408,,0,0
文山區,房地(土地+建物),臺北市文山區景興路９６巷４１號三樓,1100225,土地1建物1車位0,三層,四層,公寓(5樓含以下無電梯),住家用,561130,105.95,2,2,2,無,16400000,154790,,0,0
中山區,房地(土地+建物),臺北市中山區長春路９９號,1100505,土地1建物2車位0,三層,四層,公寓(5樓含以下無電梯),住家用,580911,191.98,6,3,2,無,42450000,221117,,0,0
萬華區,房地(土地+建物),臺北市萬華區興寧街６６巷２弄２號,1100512,土地1建物1車位0,三層,四層,公寓(5樓含以下無電梯),住家用,660201,77.46,3,0,1,無,10000000,129099,,0,0
中山區,房地(土地+建物),臺北市中山區中山北路二段１１５巷３８號三樓,1100527,土地1建物1車位0,三層,四層,公寓(5樓含以下無電梯),住家用,620903,86.39,0,1,1,無,13500000,156268,,0,0
大同區,房地(土地+建物),臺北市大同區延平北路四段１５７之４號三樓,1100525,土地1建物1車位0,三層,四層,公寓(5樓含以下無電梯),住家用,640620,119.37,4,2,2,無,12300000,103041,,0,0
文山區,房地(土地+建物),臺北市文山區興隆路四段１４５巷３０號三樓,1100505,土地1建物1車位0,三層,四層,公寓(5樓含以下無電梯),住家用,,110.5,3,2,2,無,13200000,119457,,0,0
松山區,房地(土地+建物),臺北市松山區南京東路四段１２０巷１９弄１４號三樓,1100601,土地1建物1車位0,三層,四層,公寓(5樓含以下無電梯),住家用,,92.66,3,2,2,無,20800000,224477,,0,0
內湖區,房地(土地+建物)+車位,臺北市內湖區大湖山莊街１６８巷３０號三樓,1100321,土地1建物1車位1,三層,四層,華廈(10層含以下有電梯),住家用,850823,110.29,4,2,2,有,19300000,174993,坡道機械,0,1800000
信義區,房地(土地+建物),臺北市信義區和平東路三段５０９巷２７號三樓,1100426,土地5建物1車位0,三層,四層,公寓(5樓含以下無電梯),住家用,,80,3,1,1,無,5200000,65000,,0,0
松山區,房地(土地+建物),臺北市松山區撫遠街３８９巷１６號三樓,1100618,土地2建物1車位0,三層,四層,公寓(5樓含以下無電梯),住家用,620827,77.6,3,2,1,無,14600000,188144,,0,0
文山區,房地(土地+建物),臺北市文山區木新路三段５０巷３號四樓,1100502,土地1建物1車位0,四層,四層,公寓(5樓含以下無電梯),住家用,,69.8,2,1,1,無,10400000,148997,,0,0
北投區,房地(土地+建物),臺北市北投區中和街２０巷６８號四樓,1100503,土地1建物1車位0,四層,四層,公寓(5樓含以下無電梯),住家用,560331,79.32,3,2,1,無,8200000,103379,,0,0
文山區,房地(土地+建物),臺北市文山區興隆路一段１２５巷１之４號四樓,1100518,土地1建物1車位0,四層,四層,公寓(5樓含以下無電梯),住家用,,95.56,3,2,2,無,11500000,120343,,0,0
大安區,房地(土地+建物),臺北市大安區永康街２３巷４０之１號四樓,1100510,土地1建物1車位0,四層,四層,公寓(5樓含以下無電梯),住家用,630118,107.43,3,2,2,無,24000000,223401,,0,0
文山區,房地(土地+建物),臺北市文山區景福街１８１號四樓,1100423,土地1建物1車位0,四層,四層,公寓(5樓含以下無電梯),住家用,580412,107.6,6,2,5,無,16000000,148699,,0,0
文山區,房地(土地+建物),臺北市文山區興隆路一段７０巷１１弄１４之１號四樓,1100603,土地2建物1車位0,四層,四層,公寓(5樓含以下無電梯),住家用,,62.29,3,2,1,無,8100000,130037,,0,0
大安區,房地(土地+建物),臺北市大安區瑞安街２０８巷１４弄９號四樓,1100508,土地1建物1車位0,四層,四層,公寓(5樓含以下無電梯),住家用,581101,123.09,5,2,2,無,30500000,247786,,0,0
內湖區,房地(土地+建物),臺北市內湖區康寧路一段１５６巷７弄７號四樓,1100619,土地1建物1車位0,四層,四層,公寓(5樓含以下無電梯),住家用,690128,73.7,3,2,1,無,8000000,108548,,0,0
士林區,房地(土地+建物),臺北市士林區中社路二段１７巷３１號四樓,1100605,土地1建物1車位0,四層,四層,公寓(5樓含以下無電梯),住家用,650406,69.66,2,2,1,無,7300000,104795,,0,0
信義區,房地(土地+建物),臺北市信義區松山路２０７巷４弄５號四樓,1100517,土地4建物1車位0,四層,四層,公寓(5樓含以下無電梯),住家用,,103.71,3,2,1,無,15800000,152348,,0,0
中正區,房地(土地+建物),臺北市中正區重慶南路三段３６巷１５號四樓,1100426,土地3建物1車位0,四層,四層,公寓(5樓含以下無電梯),住家用,,93.98,2,2,1,無,16800000,178761,,0,0
北投區,房地(土地+建物),臺北市北投區裕民六路１１４巷３９之１號四樓,1100522,土地1建物1車位0,四層,四層,公寓(5樓含以下無電梯),住家用,651129,55.89,2,2,1,無,10500000,187869,,0,0
中山區,房地(土地+建物),臺北市中山區農安街２８之１號七樓之２,1100520,土地1建物1車位0,七層,十一層,住宅大樓(11層含以上有電梯),住商用,690821,30.64,1,1,1,有,6500000,212141,,0,0
中山區,房地(土地+建物),臺北市中山區中山北路二段７７巷４７號七樓,1100512,土地1建物2車位0,七層,十二層,住宅大樓(11層含以上有電梯),住商用,661109,256.78,4,1,2,有,43000000,167459,,0,0
中山區,房地(土地+建物)+車位,臺北市中山區敬業一路１５８號,1100512,土地1建物1車位2,一層,七層,華廈(10層含以下有電梯),商業用,931028,357.18,0,0,0,有,130880000,366426,坡道機械,0,0
士林區,房地(土地+建物)+車位,臺北市士林區天母北路２８巷１３號,1100519,土地1建物1車位1,一層,七層,華廈(10層含以下有電梯),商業用,730501,240.49,2,3,2,無,37600000,156347,坡道平面,28.41,0
萬華區,房地(土地+建物),臺北市萬華區西寧南路１５號六樓之１,1100613,土地1建物1車位0,六層,九層,華廈(10層含以下有電梯),商業用,831119,79.28,1,1,1,無,13660000,172301,,0,0
文山區,房地(土地+建物),臺北市文山區忠順街二段１００號二樓,1100518,土地1建物1車位0,二層,八層,華廈(10層含以下有電梯),商業用,850914,110.33,4,2,2,有,15880000,143932,,0,0
中山區,房地(土地+建物),臺北市中山區龍江路２８８號八樓之５,1100528,土地1建物1車位0,八層,八層,華廈(10層含以下有電梯),商業用,890302,46.49,1,1,1,有,10100000,217251,,0,0
中山區,房地(土地+建物),臺北市中山區中山北路二段１２８巷６弄５號三樓之１、５號三樓之２,1100618,土地1建物1車位0,三層,八層,華廈(10層含以下有電梯),商業用,660415,58.15,1,1,1,有,10700000,184007,,0,0
中山區,房地(土地+建物),臺北市中山區林森北路３１０巷４０號四樓之５,1100503,土地1建物1車位0,四層,八層,華廈(10層含以下有電梯),商業用,741004,78.29,2,1,1,有,10320000,131818,,0,0
北投區,房地(土地+建物)+車位,臺北市北投區振興街１號四樓之１,1100519,土地1建物1車位1,四層,八層,華廈(10層含以下有電梯),商業用,860203,125.39,2,2,1,有,20840000,166201,坡道平面,0,2500000
大同區,房地(土地+建物),臺北市大同區延平北路一段５１號七樓之３５,1100122,土地1建物1車位0,七層,十一層,住宅大樓(11層含以上有電梯),商業用,700223,22.39,1,1,1,有,3300000,147387,,0,0
中山區,建物,臺北市中山區龍江路１２０巷９號七樓,1100513,土地0建物1車位0,七層,十一層,住宅大樓(11層含以上有電梯),商業用,880524,51.3,1,1,1,有,6000000,116959,,0,0
大安區,房地(土地+建物),臺北市大安區信義路四段１８１號十一樓之４,1100426,土地2建物1車位0,十一層,十一層,住宅大樓(11層含以上有電梯),商業用,731003,110.46,3,2,2,有,31000000,280645,,0,0
萬華區,房地(土地+建物),臺北市萬華區長沙街二段１１２號六樓,1100529,土地1建物1車位0,六層,十一層,住宅大樓(11層含以上有電梯),商業用,771129,154.07,4,2,2,無,25000000,162264,,0,0
北投區,房地(土地+建物)+車位,臺北市北投區文林北路２４４巷６號,1100605,土地2建物1車位1,一層,十二層,住宅大樓(11層含以上有電梯),商業用,880112,137.21,3,2,2,有,24500000,178558,升降平面,0,0
中山區,房地(土地+建物),臺北市中山區復興南路一段４２號二樓之１,1100425,土地1建物1車位0,二層,十二層,住宅大樓(11層含以上有電梯),商業用,701008,112.21,3,2,2,有,26500000,236164,,0,0
內湖區,房地(土地+建物),臺北市內湖區民權東路六段３２２號二樓,1100208,土地1建物1車位0,二層,十二層,住宅大樓(11層含以上有電梯),商業用,751106,240.56,5,3,3,有,35000000,145494,,0,0
中山區,房地(土地+建物),臺北市中山區林森北路２６３號十一樓之１６,1100426,土地2建物1車位0,十一層,十二層,住宅大樓(11層含以上有電梯),商業用,710707,72.27,2,2,1,有,11000000,152207,,0,0
中山區,房地(土地+建物),臺北市中山區新生北路三段２１號十樓之３,1100607,土地3建物1車位0,十層,十二層,住宅大樓(11層含以上有電梯),商業用,950209,46.06,2,2,1,有,13980000,303517,,0,0
大安區,房地(土地+建物),臺北市大安區和平東路三段６３號五樓之７,1100508,土地1建物1車位0,五層,十二層,住宅大樓(11層含以上有電梯),商業用,681020,54.05,1,2,1,有,14300000,264570,,0,0
中山區,房地(土地+建物),臺北市中山區新生北路三段５８號五樓之４,1100525,土地1建物1車位0,五層,十二層,住宅大樓(11層含以上有電梯),商業用,711209,32.31,1,1,1,有,5300000,164036,,0,0
中正區,房地(土地+建物),臺北市中正區羅斯福路二段５６號九樓之７,1100529,土地3建物1車位0,九層,十五層,住宅大樓(11層含以上有電梯),商業用,911125,34.75,1,1,1,有,12220000,351655,,0,0
北投區,房地(土地+建物)+車位,臺北市北投區清江路２５巷７之１號,1100628,土地1建物1車位1,一層,十四層,住宅大樓(11層含以上有電梯),商業用,910207,138.84,2,2,1,有,20600000,148372,坡道平面,0,0
中山區,房地(土地+建物),臺北市中山區建國北路二段１４７號七樓之２,1100525,土地1建物1車位0,七層,十四層,住宅大樓(11層含以上有電梯),商業用,710702,80.1,0,1,0,有,14530000,181398,,0,0
文山區,房地(土地+建物)+車位,臺北市文山區秀明路二段１１８巷１號九樓,1100521,土地1建物1車位1,九層,十四層,住宅大樓(11層含以上有電梯),商業用,900802,201.9,4,2,2,有,32500000,160971,坡道平面,42.08,0
中正區,房地(土地+建物),臺北市中正區忠孝東路二段１１２號九樓,1100610,土地1建物1車位0,九層,十層,華廈(10層含以下有電梯),商業用,781019,133.38,2,1,1,有,35508000,266217,,0,0
內湖區,房地(土地+建物),臺北市內湖區內湖路二段４６２之１號二樓,1100517,土地1建物1車位0,二層,十層,華廈(10層含以下有電梯),商業用,780807,127.03,3,2,2,有,23500000,184996,,0,0
萬華區,房地(土地+建物),臺北市萬華區昆明街１２６號八樓,1100603,土地1建物1車位0,八層,十層,華廈(10層含以下有電梯),商業用,850307,127.04,2,2,2,無,22330000,175771,,0,0
信義區,房地(土地+建物)+車位,臺北市信義區松隆路１２５號六樓之９,1100501,土地1建物1車位1,六層,十層,華廈(10層含以下有電梯),商業用,850925,91.64,1,1,1,有,13860000,223842,坡道平面,40.89,2500000
士林區,房地(土地+建物),臺北市士林區社正路４８號,1100513,土地1建物1車位0,一層,五層,公寓(5樓含以下無電梯),商業用,770203,173.72,5,2,2,無,41000000,236012,,0,0
萬華區,房地(土地+建物),臺北市萬華區環河南路二段２５０巷５號,1100618,土地2建物1車位0,一層,五層,公寓(5樓含以下無電梯),商業用,661222,43.21,0,0,0,無,2200000,50914,,0,0
萬華區,房地(土地+建物),臺北市萬華區環河南路二段２５０巷３弄１號,1100618,土地1建物1車位0,一層,五層,公寓(5樓含以下無電梯),商業用,700612,93.22,3,1,1,無,6000000,64364,,0,0
信義區,房地(土地+建物),臺北市信義區永吉路５２３號,1100512,土地3建物1車位0,一層,五層,公寓(5樓含以下無電梯),商業用,740514,158.44,0,0,0,無,48000000,302954,,0,0
萬華區,房地(土地+建物),臺北市萬華區桂林路４１號二樓,1100625,土地1建物1車位0,二層,五層,公寓(5樓含以下無電梯),商業用,670616,81.47,0,0,0,無,11000000,135019,,0,0
內湖區,房地(土地+建物),臺北市內湖區內湖路二段４０９號四樓,1100603,土地1建物1車位0,四層,五層,公寓(5樓含以下無電梯),商業用,681231,91.18,3,2,1,無,14000000,153542,,0,0
大安區,房地(土地+建物),臺北市大安區杭州南路二段２５巷１５號四樓,1100508,土地1建物1車位0,四層,五層,公寓(5樓含以下無電梯),商業用,700625,100.26,3,2,2,無,28300000,282266,,0,0
大安區,房地(土地+建物),臺北市大安區信義路四段６０之１６２號二樓,1100515,土地2建物1車位0,二層,六層,公寓(5樓含以下無電梯),商業用,600301,22.54,1,1,1,有,5900000,261757,,0,0
北投區,房地(土地+建物),臺北市北投區磺港路１８４號,1100422,土地2建物1車位0,一層,四層,公寓(5樓含以下無電梯),商業用,700314,101.22,4,1,2,無,5188000,51255,,0,0
信義區,房地(土地+建物),臺北市信義區中坡南路１３２號二樓之１,1091222,土地3建物1車位0,二層,四層,公寓(5樓含以下無電梯),商業用,680223,65.42,0,0,0,無,13000000,198716,,0,0
中山區,房地(土地+建物),臺北市中山區長安東路一段４０號三樓之３,1080515,土地1建物1車位0,三層,十層,華廈(10層含以下有電梯),第二組多戶住宅,1100205,45.85,0,0,0,有,9940000,216794,,0,0
中山區,房地(土地+建物),臺北市中山區長安東路一段４０號三樓之１,1080427,土地1建物1車位0,三層,十層,華廈(10層含以下有電梯),第二組多戶住宅,1100205,44.31,0,0,0,有,9980000,225231,,0,0
中山區,房地(土地+建物)+車位,臺北市中山區長安東路一段４０號四樓之３,1080507,土地1建物1車位1,四層,十層,華廈(10層含以下有電梯),第二組多戶住宅,1100205,57.16,0,0,0,有,11800000,209378,其他,11.31,2200000
內湖區,房地(土地+建物)+車位,臺北市內湖區堤頂大道二段４９７號五樓之９,1100624,土地1建物1車位1,五層,十三層,住宅大樓(11層含以上有電梯),策略性產業（產品展示服務業）,980729,55.17,1,0,1,有,7800000,194489,塔式車位,16.39,257700
南港區,房地(土地+建物)+車位,臺北市南港區南港路二段２８６號三樓,1100607,土地1建物1車位1,三層,七層,華廈(10層含以下有電梯),集合住宅,1091130,129.46,2,1,2,有,25500000,196972,塔式車位,17.53,0
松山區,房地(土地+建物),臺北市松山區健康路１８５巷１５號六樓,1100430,土地1建物1車位0,六層,七層,華廈(10層含以下有電梯),集合住宅,810309,112.88,3,2,2,有,26240000,232459,,0,0
南港區,房地(土地+建物)+車位,臺北市南港區南港路二段２８２號六樓,1100520,土地1建物1車位1,六層,七層,華廈(10層含以下有電梯),集合住宅,1091130,104.92,1,1,2,有,20000000,190621,塔式車位,17.53,0
松山區,房地(土地+建物)+車位,臺北市松山區市民大道四段３９號九樓,1100507,土地2建物1車位2,九層,二十三層,住宅大樓(11層含以上有電梯),集合住宅,1090102,412.05,0,0,0,有,197090000,572598,坡道平面,81.12,7600000
松山區,房地(土地+建物)+車位,臺北市松山區市民大道四段３９號八樓,1100507,土地2建物1車位2,八層,二十三層,住宅大樓(11層含以上有電梯),集合住宅,1090102,414.16,0,0,0,有,196750000,566749,坡道平面,81.12,8000000
松山區,房地(土地+建物)+車位,臺北市松山區市民大道四段３９號六樓,1100507,土地2建物1車位2,六層,二十三層,住宅大樓(11層含以上有電梯),集合住宅,1090102,413.76,0,0,0,有,187560000,540404,坡道平面,81.12,7800000
文山區,房地(土地+建物)+車位,臺北市文山區辛亥路四段２０９巷３０號十九樓,1100524,土地1建物1車位1,十九層,二十六層,住宅大樓(11層含以上有電梯),集合住宅,1090430,185.69,4,1,2,有,37710301,203082,坡道平面,0,0
南港區,房地(土地+建物)+車位,臺北市南港區興中路６８巷８號二十二樓,1100421,土地1建物1車位1,二十二層,二十四層,住宅大樓(11層含以上有電梯),集合住宅,1060707,197.27,4,2,2,有,43800000,260371,坡道平面,38.65,2500000
信義區,房地(土地+建物),臺北市信義區忠孝東路五段３７號七樓,1100403,土地2建物1車位0,七層,十二層,住宅大樓(11層含以上有電梯),集合住宅,720406,133.81,3,2,1,有,32400000,242134,,0,0
松山區,房地(土地+建物),臺北市松山區南京東路五段４７號十二樓之３,1100519,土地1建物1車位0,十二層,十二層,住宅大樓(11層含以上有電梯),集合住宅,721213,114.23,2,2,2,有,26000000,227611,,0,0
中正區,房地(土地+建物),臺北市中正區汀州路三段６５號五樓,1100529,土地2建物1車位0,五層,十二層,住宅大樓(11層含以上有電梯),集合住宅,1071122,107.98,0,0,0,有,32000000,296351,,0,0
內湖區,房地(土地+建物),臺北市內湖區南京東路六段７０號七樓,1091210,土地1建物1車位0,七層,十三層,住宅大樓(11層含以上有電梯),集合住宅,1090612,186.44,4,2,2,有,35380000,189766,,0,0
中正區,房地(土地+建物),臺北市中正區南昌路二段１４２之１號九樓之５,1100518,土地2建物1車位0,九層,十三層,住宅大樓(11層含以上有電梯),集合住宅,960906,35.86,1,1,1,有,10470000,291969,,0,0
內湖區,房地(土地+建物),臺北市內湖區南京東路六段７２號二樓,1090924,土地1建物1車位0,二層,十三層,住宅大樓(11層含以上有電梯),集合住宅,1090612,155.7,3,2,2,有,31580000,202826,,0,0
內湖區,房地(土地+建物),臺北市內湖區南京東路六段７６號二樓,1090926,土地1建物1車位0,二層,十三層,住宅大樓(11層含以上有電梯),集合住宅,1090612,155.58,3,2,2,有,28220000,181386,,0,0
內湖區,房地(土地+建物)+車位,臺北市內湖區南京東路六段７０號二樓,1100507,土地1建物1車位1,二層,十三層,住宅大樓(11層含以上有電梯),集合住宅,1090612,221.14,4,2,2,有,37500000,188801,坡道平面,34.7,2300000
內湖區,房地(土地+建物)+車位,臺北市內湖區南京東路六段７０號十一樓,1091209,土地1建物1車位2,十一層,十三層,住宅大樓(11層含以上有電梯),集合住宅,1090612,246.3,4,2,2,有,40480000,197812,坡道平面,59.86,3600000
內湖區,房地(土地+建物)+車位,臺北市內湖區南京東路六段７８號十一樓,1091221,土地1建物1車位1,十一層,十三層,住宅大樓(11層含以上有電梯),集合住宅,1090612,220.57,4,2,2,有,38950000,196643,坡道平面,34.7,2400000
南港區,房地(土地+建物),臺北市南港區重陽路３２６號十二樓,1100605,土地1建物1車位0,十二層,十三層,住宅大樓(11層含以上有電梯),集合住宅,1091119,86.7,2,2,1,有,22880000,263899,,0,0
內湖區,房地(土地+建物)+車位,臺北市內湖區南京東路六段７８號十二樓,1090902,土地1建物1車位1,十二層,十三層,住宅大樓(11層含以上有電梯),集合住宅,1090612,220.56,4,2,2,有,39980000,202184,坡道平面,34.69,2400000
內湖區,房地(土地+建物)+車位,臺北市內湖區南京東路六段７６號十三樓,1090808,土地1建物1車位1,十三層,十三層,住宅大樓(11層含以上有電梯),集合住宅,1090612,179.13,3,2,2,有,33880000,211662,坡道平面,29.93,2300000
內湖區,房地(土地+建物),臺北市內湖區南京東路六段７８號十樓,1091205,土地1建物1車位0,十層,十三層,住宅大樓(11層含以上有電梯),集合住宅,1090612,185.87,4,2,2,有,36480000,196266,,0,0
內湖區,房地(土地+建物)+車位,臺北市內湖區南京東路六段７６號十樓,1100604,土地1建物1車位1,十層,十三層,住宅大樓(11層含以上有電梯),集合住宅,1090612,179.13,4,2,2,有,33460000,208177,坡道平面,29.93,2400000
內湖區,房地(土地+建物)+車位,臺北市內湖區南京東路六段７２號十樓,1090628,土地1建物1車位1,十層,十三層,住宅大樓(11層含以上有電梯),集合住宅,1090612,179.27,3,2,2,有,33130000,207111,坡道平面,29.93,2200000
內湖區,房地(土地+建物)+車位,臺北市內湖區南京東路六段７０號五樓,1100508,土地1建物1車位1,五層,十三層,住宅大樓(11層含以上有電梯),集合住宅,1090612,221.13,4,2,2,有,37760000,187513,坡道平面,34.69,2800000
內湖區,房地(土地+建物)+車位,臺北市內湖區南京東路六段７２號五樓,1090717,土地1建物1車位1,五層,十三層,住宅大樓(11層含以上有電梯),集合住宅,1090612,179.27,3,2,2,有,30800000,191509,坡道平面,29.93,2200000
內湖區,房地(土地+建物),臺北市內湖區南京東路六段７２號六樓,1090813,土地1建物1車位0,六層,十三層,住宅大樓(11層含以上有電梯),集合住宅,1090612,149.34,3,2,2,有,28800000,192849,,0,0
內湖區,房地(土地+建物)+車位,臺北市內湖區南京東路六段７８號六樓,1100331,土地1建物1車位1,六層,十三層,住宅大樓(11層含以上有電梯),集合住宅,1090612,220.57,4,2,2,有,37350000,186959,坡道平面,34.7,2600000
內湖區,房地(土地+建物),臺北市內湖區南京東路六段７０號四樓,1100329,土地1建物1車位0,四層,十三層,住宅大樓(11層含以上有電梯),集合住宅,1090612,186.44,4,2,2,有,34860000,186977,,0,0
內湖區,房地(土地+建物)+車位,臺北市內湖區南京東路六段７８號四樓,1100512,土地1建物1車位1,四層,十三層,住宅大樓(11層含以上有電梯),集合住宅,1090612,220.57,4,2,2,有,35580000,178512,坡道平面,34.7,2400000
中山區,房地(土地+建物),臺北市中山區民權西路６９號八樓,1100603,土地1建物1車位0,八層,十五層,住宅大樓(11層含以上有電梯),集合住宅,1061031,199.4,0,0,0,有,69160000,346841,,0,0
中山區,房地(土地+建物)+車位,臺北市中山區民權西路６９號八樓之１,1100603,土地1建物1車位3,八層,十五層,住宅大樓(11層含以上有電梯),集合住宅,1061031,199.49,0,0,0,有,50840000,346851,坡道平面,82.62,10300000
中山區,房地(土地+建物),臺北市中山區復興北路１９０巷２５號三樓,1100320,土地1建物1車位0,三層,十五層,住宅大樓(11層含以上有電梯),集合住宅,750609,97.98,3,2,1,有,21600000,220453,,0,0
信義區,房地(土地+建物)+車位,臺北市信義區松德路２００巷５３號九樓,1100602,土地1建物1車位3,九層,十六層,住宅大樓(11層含以上有電梯),集合住宅,1061128,711.42,0,0,0,無,341680000,588454,坡道平面,156.27,15000000
文山區,建物,臺北市文山區萬寧街１７９號五樓,1100529,土地0建物1車位1,五層,十六層,住宅大樓(11層含以上有電梯),集合住宅,861030,151.39,3,2,2,有,8550000,56477,坡道平面,0,0
信義區,房地(土地+建物)+車位,臺北市信義區永吉路３６７號七樓,1100311,土地1建物1車位1,七層,十四層,住宅大樓(11層含以上有電梯),集合住宅,1060905,232.99,4,2,2,有,63000000,300616,坡道平面,33.4,3000000
文山區,房地(土地+建物)+車位,臺北市文山區辛亥路四段１６６巷２１號七樓,1100517,土地1建物1車位1,七層,十層,華廈(10層含以下有電梯),集合住宅,1071026,130.81,2,2,1,有,23300000,207314,坡道機械,26.62,1700000
文山區,房地(土地+建物)+車位,臺北市文山區秀明路一段１２９巷７２弄１０號,1100511,土地1建物1車位2,二層,五層,華廈(10層含以下有電梯),集合住宅,1070302,486.49,3,2,4,無,68000000,173472,坡道平面,123.32,5000000